date,days
1990-02-06,1990-02-07
1990-03-27,1990-03-29
1990-05-15,1990-05-17
1990-07-03,1990-07-05
1990-08-21,1990-08-23
1990-10-02,1990-10-04
1990-11-14,1990-11-15
1991-01-30,1991-02-01
1991-03-26,1991-03-28
1991-05-14,1991-05-16
1991-07-02,1991-07-03
1991-08-20,1991-08-22
1991-10-01,1991-10-02
1991-11-13,1991-11-14
1991-12-20,1991-12-20
1992-02-05,1992-02-06
1992-03-31,1992-04-01
1992-05-19,1992-05-20
1992-07-07,1992-07-08
1992-08-18,1992-08-19
1992-10-06,1992-10-07
1992-11-17,1992-11-18
1992-12-22,1992-12-22
1993-02-03,1993-02-04
1993-03-30,1993-03-31
1993-05-18,1993-05-19
1993-07-06,1993-07-07
1993-08-17,1993-08-18
1993-10-05,1993-10-06
1993-11-16,1993-11-17
1993-12-21,1993-12-21
1994-02-04,1994-02-04
1994-03-22,1994-03-22
1994-05-17,1994-05-17
1994-07-06,1994-07-06
1994-08-16,1994-08-16
1994-09-27,1994-09-27
1994-11-15,1994-11-15
1994-12-20,1994-12-20
1995-02-02,1995-02-03
1995-03-28,1995-03-29
1995-05-23,1995-05-24
1995-07-06,1995-07-06
1995-08-22,1995-08-23
1995-09-26,1995-09-27
1995-11-15,1995-11-15
1995-12-19,1995-12-19
1996-01-31,1996-02-01
1996-03-26,1996-03-27
1996-05-21,1996-05-22
1996-07-03,1996-07-04
1996-08-20,1996-08-21
1996-09-24,1996-09-25
1996-11-14,1996-11-14
1996-12-17,1996-12-18
1997-02-05,1997-02-06
1997-03-25,1997-03-26
1997-05-20,1997-05-21
1997-07-02,1997-07-03
1997-08-19,1997-08-20
1997-09-30,1997-10-01
1997-11-12,1997-11-13
1997-12-16,1997-12-17
1998-02-04,1998-02-05
1998-03-31,1998-04-01
1998-05-19,1998-05-20
1998-06-30,1998-07-01
1998-08-18,1998-08-19
1998-09-29,1998-09-30
1998-11-17,1998-11-18
1998-12-22,1998-12-22
1999-02-03,1999-02-04
1999-03-30,1999-03-31
1999-05-19,1999-05-20
1999-06-30,1999-07-01
1999-08-24,1999-08-25
1999-10-05,1999-10-06
1999-11-16,1999-11-17
1999-12-21,1999-12-22
2000-02-02,2000-02-03
2000-03-21,2000-03-22
2000-05-16,2000-05-17
2000-06-28,2000-06-29
2000-08-22,2000-08-23
2000-10-03,2000-10-04
2000-11-15,2000-11-16
2000-12-19,2000-12-20
2001-01-03,2001-01-04
2001-01-31,2001-02-01
2001-03-20,2001-03-21
2001-04-18,2001-04-18
2001-05-15,2001-05-16
2001-06-27,2001-06-28
2001-08-21,2001-08-22
2001-09-17,2001-09-17
2001-10-02,2001-10-02
2001-11-06,2001-11-07
2001-12-11,2001-12-11
2002-01-30,2002-01-31
2002-03-19,2002-03-20
2002-05-07,2002-05-08
2002-06-26,2002-06-27
2002-08-13,2002-08-14
2002-09-24,2002-09-25
2002-11-06,2002-11-07
2002-12-10,2002-12-11
2003-01-29,2003-01-30
2003-03-18,2003-03-19
2003-05-06,2003-05-07
2003-06-25,2003-06-26
2003-08-12,2003-08-13
2003-09-16,2003-09-17
2003-10-28,2003-10-29
2003-12-09,2003-12-10
2004-01-28,2004-01-29
2004-03-16,2004-03-17
2004-05-04,2004-05-05
2004-06-30,2004-07-01
2004-08-10,2004-08-11
2004-09-21,2004-09-22
2004-11-10,2004-11-11
2004-12-14,2004-12-15
2005-02-02,2005-02-03
2005-03-22,2005-03-23
2005-05-03,2005-05-04
2005-06-30,2005-07-01
2005-08-09,2005-08-10
2005-09-20,2005-09-21
2005-11-01,2005-11-02
2005-12-13,2005-12-14
2006-01-31,2006-02-01
2006-03-28,2006-03-29
2006-05-10,2006-05-11
2006-06-29,2006-06-30
2006-08-08,2006-08-09
2006-09-20,2006-09-21
2006-10-25,2006-10-26
2006-12-12,2006-12-13
2007-01-31,2007-02-01
2007-03-21,2007-03-22
2007-05-09,2007-05-10
2007-06-28,2007-06-29
2007-08-07,2007-08-08
2007-09-18,2007-09-19
2007-10-31,2007-11-01
2007-12-11,2007-12-12
2008-01-22,2008-01-22
2008-01-30,2008-01-31
2008-03-18,2008-03-19
2008-04-30,2008-05-01
2008-06-25,2008-06-26
2008-08-05,2008-08-06
2008-09-16,2008-09-17
2008-10-08,2008-10-09
2008-10-29,2008-10-30
2008-12-16,2008-12-17
2009-01-28,2009-01-29
2009-03-18,2009-03-19
2009-04-28,2009-04-29
2009-06-24,2009-06-25
2009-08-12,2009-08-13
2009-09-23,2009-09-24
2009-11-04,2009-11-05
2009-12-16,2009-12-17
2010-01-27,2010-01-28
2010-03-16,2010-03-17
2010-04-28,2010-04-29
2010-06-23,2010-06-24
2010-08-10,2010-08-11
2010-09-21,2010-09-22
2010-11-03,2010-11-04
2010-12-14,2010-12-15
2011-01-26,2011-01-27
2011-03-15,2011-03-16
2011-04-27,2011-04-28
2011-06-22,2011-06-23
2011-08-09,2011-08-10
2011-09-21,2011-09-22
2011-11-02,2011-11-03
2011-12-13,2011-12-14
2012-01-25,2012-01-26
2012-03-13,2012-03-14
2012-04-25,2012-04-26
2012-06-20,2012-06-21
2012-08-01,2012-08-02
2012-09-13,2012-09-14
2012-10-24,2012-10-25
2012-12-12,2012-12-13
2013-01-30,2013-01-31
2013-03-20,2013-03-21
2013-05-01,2013-05-02
2013-06-19,2013-06-20
2013-07-31,2013-08-01
2013-09-18,2013-09-19
2013-10-30,2013-10-31
2013-12-18,2013-12-19
2014-01-29,2014-01-30
2014-03-19,2014-03-20
2014-04-30,2014-05-01
2014-06-18,2014-06-19
2014-07-30,2014-07-31
2014-09-17,2014-09-18
2014-10-29,2014-10-30
2014-12-17,2014-12-18
2015-01-28,2015-01-29
2015-03-18,2015-03-19
2015-04-29,2015-04-30
2015-06-17,2015-06-18
2015-07-29,2015-07-30
2015-09-17,2015-09-18
2015-10-28,2015-10-29
2015-12-16,2015-12-17
2016-01-27,2016-01-28
2016-03-16,2016-03-17
2016-04-27,2016-04-28
2016-06-15,2016-06-16
2016-07-27,2016-07-28
2016-09-21,2016-09-22
2016-11-02,2016-11-03
2016-12-14,2016-12-15
2017-02-01,2017-02-02
2017-03-15,2017-03-16
2017-05-03,2017-05-04
2017-06-14,2017-06-15
2017-07-26,2017-07-27
2017-09-20,2017-09-21
2017-11-01,2017-11-02
2017-12-13,2017-12-14
2018-01-31,2018-02-01
2018-03-21,2018-03-22
2018-05-02,2018-05-03
2018-06-13,2018-06-14
2018-08-01,2018-08-02
2018-09-26,2018-09-27
2018-11-08,2018-11-09
2018-12-19,2018-12-20
2019-01-30,2019-01-31
2019-03-20,2019-03-21
2019-05-01,2019-05-02
2019-06-19,2019-06-20
2019-07-31,2019-08-01
2019-09-18,2019-09-19
2019-10-30,2019-10-31
2019-12-11,2019-12-12
2020-01-29,2020-01-30
2020-03-15,2020-03-16
2020-04-29,2020-04-30
2020-06-10,2020-06-11
2020-07-29,2020-07-30
2020-09-16,2020-09-17
2020-11-05,2020-11-06
2020-12-16,2020-12-17
2021-01-27,2021-01-28
2021-03-17,2021-03-18
2021-04-28,2021-04-29
2021-06-16,2021-06-17
2021-07-28,2021-07-29
2021-09-22,2021-09-23
2021-11-03,2021-11-04
2021-12-15,2021-12-16
2022-01-26,2022-01-27
2022-03-16,2022-03-17
2022-05-04,2022-05-05
2022-06-15,2022-06-16
2022-07-27,2022-07-28
2022-09-21,2022-09-22
2022-11-02,2022-11-03
2022-12-14,2022-12-15
2023-02-01,2023-02-02
2023-03-22,2023-03-23
2023-05-03,2023-05-04
2023-06-14,2023-06-15
2023-07-26,2023-07-27
2023-09-20,2023-09-21
2023-11-01,2023-11-02
2023-12-13,2023-12-14
2024-01-31,2024-02-01
2024-03-20,2024-03-21
2024-05-01,2024-05-02
2024-06-12,2024-06-13
2024-07-31,2024-08-01
2024-09-18,2024-09-19
2024-11-07,2024-11-08
2024-12-18,2024-12-19
2025-01-29,2025-01-30
2025-03-19,2025-03-20
2025-05-07,2025-05-08
2025-06-18,2025-06-19
2025-07-30,2025-07-31
2025-09-17,2025-09-18
2025-10-29,2025-10-30
2025-12-10,2025-12-11
2026-01-28,2026-01-29
2026-03-18,2026-03-19
2026-04-29,2026-04-30
2026-06-17,2026-06-18
2026-07-29,2026-07-30
2026-09-16,2026-09-17
2026-10-28,2026-10-29
2026-12-09,2026-12-10